{
  "homoglyph": {
    "fixed": {
      "em": 0.0,
      "f1": 1.0831335016060877,
      "count": 150
    },
    "rand": {
      "em": 0.0,
      "f1": 1.3196943941007278,
      "count": 150
    }
  },
  "synonym": {
    "fixed": {
      "em": 0.0,
      "f1": 1.3709879774883238,
      "count": 150
    },
    "rand": {
      "em": 0.0,
      "f1": 2.013480913556134,
      "count": 150
    }
  },
  "trigger": {
    "fixed": {
      "em": 0.0,
      "f1": 1.3193595416701527,
      "count": 150
    },
    "rand": {
      "em": 0.0,
      "f1": 1.8778283933057718,
      "count": 150
    }
  }
}