{
  "A": {
    "em": 0.265,
    "f1": 0.3428717948717948,
    "count": 200
  },
  "B": {
    "em": 0.05,
    "f1": 0.06946825396825397,
    "count": 200
  },
  "C": {
    "em": 0.465,
    "f1": 0.49192948717948737,
    "count": 200
  }
}