{
  "A": {
    "em": 0.365,
    "f1": 0.41900988745553974,
    "count": 200
  },
  "B": {
    "em": 0.22,
    "f1": 0.2418035714285714,
    "count": 200
  },
  "C": {
    "em": 0.245,
    "f1": 0.26348214285714283,
    "count": 200
  }
}